Set,File,Left,Top,Width,Height
train,FLIR_00320.png,122,192,11,19
train,FLIR_00927.png,451,202,10,10
train,FLIR_00965.png,540,203,9,14
train,FLIR_00991.png,81,223,7,9
train,FLIR_01509.png,26,235,7,7
train,FLIR_01658.png,336,187,7,11
train,FLIR_01658.png,99,202,5,10
train,FLIR_01659.png,508,177,6,9
train,FLIR_01659.png,244,189,5,12
train,FLIR_01659.png,27,204,7,12
train,FLIR_01660.png,416,187,7,11
train,FLIR_01660.png,171,200,7,10
train,FLIR_01661.png,344,195,7,11
train,FLIR_01661.png,601,188,5,10
train,FLIR_01662.png,35,189,15,19
train,FLIR_01664.png,60,182,13,18
train,FLIR_01664.png,426,183,11,18
train,FLIR_01666.png,43,165,10,16
train,FLIR_01666.png,486,179,9,17
train,FLIR_01667.png,244,167,6,16
train,FLIR_01668.png,453,171,9,17
train,FLIR_01668.png,143,189,10,17
train,FLIR_01669.png,377,182,11,17
train,FLIR_01670.png,125,194,11,14
train,FLIR_01671.png,335,193,10,19
train,FLIR_01671.png,33,193,11,17
train,FLIR_01672.png,225,188,9,17
train,FLIR_01673.png,424,189,8,16
train,FLIR_01673.png,17,187,10,14
train,FLIR_01674.png,227,185,9,18
train,FLIR_01674.png,619,189,7,16
train,FLIR_01675.png,458,189,9,16
train,FLIR_01675.png,51,194,11,17
train,FLIR_01676.png,239,190,11,20
train,FLIR_01677.png,439,194,9,15
train,FLIR_01678.png,306,203,10,19
train,FLIR_01679.png,171,163,10,17
train,FLIR_01680.png,356,162,10,17
train,FLIR_01681.png,133,184,10,18
train,FLIR_01682.png,316,183,10,18
train,FLIR_01683.png,174,155,12,22
train,FLIR_01683.png,522,182,8,22
train,FLIR_01684.png,385,161,8,19
train,FLIR_01685.png,296,188,6,21
train,FLIR_01686.png,102,180,12,20
train,FLIR_01687.png,344,176,11,27
train,FLIR_01688.png,45,176,14,24
train,FLIR_01689.png,410,151,12,28
train,FLIR_01689.png,57,151,15,25
train,FLIR_01690.png,385,141,13,28
train,FLIR_01692.png,611,193,9,17
train,FLIR_01736.png,124,206,5,6
train,FLIR_01736.png,186,211,4,4
train,FLIR_01736.png,244,207,3,3
train,FLIR_01742.png,110,208,4,7
train,FLIR_01742.png,0,200,4,8
train,FLIR_01742.png,40,212,5,6
train,FLIR_01744.png,5,199,4,7
train,FLIR_01769.png,104,201,6,10
train,FLIR_01769.png,180,212,5,9
train,FLIR_01769.png,238,213,6,9
train,FLIR_01817.png,48,218,6,7
train,FLIR_01817.png,63,219,7,7
train,FLIR_01817.png,107,215,6,8
train,FLIR_01817.png,81,214,6,6
train,FLIR_01820.png,30,222,8,10
train,FLIR_01820.png,69,216,7,10
train,FLIR_01822.png,106,208,8,11
train,FLIR_01823.png,160,209,7,12
train,FLIR_01823.png,35,220,6,10
train,FLIR_01824.png,252,211,8,10
train,FLIR_01825.png,388,209,7,12
train,FLIR_01825.png,141,209,7,11
train,FLIR_01826.png,281,216,10,14
train,FLIR_01826.png,558,211,9,11
train,FLIR_01827.png,498,232,11,11
train,FLIR_01828.png,256,222,8,14
train,FLIR_01830.png,112,218,6,9
train,FLIR_01830.png,13,209,8,15
train,FLIR_01831.png,24,207,10,15
train,FLIR_01831.png,120,217,8,11
train,FLIR_01832.png,128,194,14,20
train,FLIR_01833.png,388,203,10,18
train,FLIR_01834.png,146,214,7,9
train,FLIR_01837.png,437,211,8,10
train,FLIR_01838.png,593,208,5,14
train,FLIR_01838.png,339,212,7,12
train,FLIR_01839.png,496,213,7,14
train,FLIR_01839.png,283,226,9,12
train,FLIR_01839.png,156,223,4,8
train,FLIR_01840.png,394,230,6,10
train,FLIR_01840.png,193,220,7,9
train,FLIR_01841.png,264,219,7,11
train,FLIR_01842.png,370,218,7,12
train,FLIR_01844.png,381,228,6,10
train,FLIR_01844.png,131,228,7,9
train,FLIR_01844.png,165,221,7,10
train,FLIR_01845.png,144,228,7,10
train,FLIR_01846.png,179,225,6,10
train,FLIR_01846.png,346,217,9,13
train,FLIR_01846.png,139,208,7,10
train,FLIR_01847.png,485,220,8,13
train,FLIR_01847.png,257,224,7,12
train,FLIR_01847.png,145,205,7,10
train,FLIR_01848.png,377,221,8,17
train,FLIR_01848.png,183,201,8,13
train,FLIR_01848.png,151,207,8,12
train,FLIR_01849.png,285,200,8,12
train,FLIR_01849.png,174,206,7,10
train,FLIR_01850.png,427,198,8,13
train,FLIR_01850.png,208,204,8,12
train,FLIR_01850.png,234,215,7,11
train,FLIR_01851.png,270,202,5,13
train,FLIR_01851.png,349,214,5,14
train,FLIR_01852.png,495,215,8,15
train,FLIR_01852.png,159,219,8,10
train,FLIR_01852.png,85,221,5,9
train,FLIR_01854.png,242,216,8,10
train,FLIR_01855.png,316,213,11,14
train,FLIR_01856.png,418,212,12,15
train,FLIR_01856.png,233,213,8,13
train,FLIR_01858.png,503,214,8,19
train,FLIR_01864.png,331,235,8,10
train,FLIR_01866.png,291,211,6,8
train,FLIR_01867.png,336,203,7,11
train,FLIR_01867.png,368,203,8,11
train,FLIR_01868.png,404,185,8,13
train,FLIR_01869.png,547,149,16,24
train,FLIR_01869.png,622,151,17,27
train,FLIR_01895.png,447,199,6,10
train,FLIR_01896.png,505,198,9,13
train,FLIR_01897.png,615,201,10,15
train,FLIR_01898.png,41,236,8,8
train,FLIR_01898.png,98,230,9,11
train,FLIR_01898.png,201,231,7,12
train,FLIR_01899.png,261,215,13,18
train,FLIR_01899.png,325,215,13,19
train,FLIR_01899.png,458,218,11,19
train,FLIR_01900.png,623,202,17,30
train,FLIR_01906.png,324,224,7,8
train,FLIR_01906.png,498,235,5,8
train,FLIR_01908.png,487,211,9,13
train,FLIR_01908.png,590,227,9,12
train,FLIR_01910.png,582,204,7,13
train,FLIR_01910.png,631,225,7,12
train,FLIR_01910.png,313,215,4,6
train,FLIR_01911.png,291,213,5,7
train,FLIR_01912.png,267,210,4,10
train,FLIR_01913.png,223,207,5,12
train,FLIR_01914.png,165,205,9,15
train,FLIR_01915.png,71,201,9,17
train,FLIR_01916.png,530,208,10,14
train,FLIR_01927.png,423,209,9,11
train,FLIR_01928.png,262,190,11,13
train,FLIR_01938.png,49,219,7,15
train,FLIR_01939.png,99,218,5,14
train,FLIR_01940.png,156,217,6,14
train,FLIR_01941.png,226,217,4,16
train,FLIR_01942.png,310,213,5,17
train,FLIR_01944.png,559,209,10,25
train,FLIR_01955.png,280,239,5,8
train,FLIR_01956.png,252,223,7,10
train,FLIR_01957.png,431,227,6,10
train,FLIR_01957.png,215,227,6,13
train,FLIR_01958.png,170,221,5,14
train,FLIR_01959.png,98,210,9,16
train,FLIR_01966.png,93,224,3,7
train,FLIR_01967.png,9,219,5,9
train,FLIR_01981.png,477,209,8,12
train,FLIR_01982.png,605,156,11,19
train,FLIR_01986.png,517,196,6,10
train,FLIR_01991.png,196,216,4,8
train,FLIR_01995.png,206,213,4,9
train,FLIR_01996.png,269,214,6,7
train,FLIR_01998.png,403,206,5,12
train,FLIR_01999.png,493,189,11,13
train,FLIR_01999.png,494,199,7,15
train,FLIR_02000.png,334,211,5,11
train,FLIR_02003.png,210,211,4,12
train,FLIR_02003.png,216,209,3,12
train,FLIR_02008.png,432,211,6,9
train,FLIR_02010.png,489,200,10,11
train,FLIR_02011.png,541,190,11,16
train,FLIR_02012.png,601,192,14,20
train,FLIR_02016.png,498,228,5,8
train,FLIR_02019.png,490,224,5,11
train,FLIR_02019.png,279,222,3,9
train,FLIR_02020.png,565,215,7,10
train,FLIR_02020.png,336,214,6,9
train,FLIR_02021.png,425,223,6,13
train,FLIR_02022.png,548,225,6,15
train,FLIR_02044.png,546,217,4,5
train,FLIR_02049.png,525,199,5,9
train,FLIR_02060.png,575,196,8,14
train,FLIR_02073.png,420,236,10,9
train,FLIR_02075.png,164,222,3,7
train,FLIR_02075.png,151,214,4,7
train,FLIR_02077.png,566,207,4,9
train,FLIR_02078.png,130,207,6,12
train,FLIR_02079.png,160,210,6,13
train,FLIR_02080.png,211,206,4,10
train,FLIR_02081.png,290,201,5,15
train,FLIR_02088.png,58,203,8,13
train,FLIR_02089.png,4,189,14,16
train,FLIR_02089.png,254,213,5,7
train,FLIR_02091.png,307,210,5,8
train,FLIR_02093.png,112,196,9,13
train,FLIR_02093.png,148,201,8,11
train,FLIR_02093.png,361,203,9,9
train,FLIR_02094.png,25,179,14,16
train,FLIR_02094.png,113,190,10,11
train,FLIR_02095.png,42,168,14,18
train,FLIR_02095.png,435,188,12,14
train,FLIR_02096.png,499,177,13,17
train,FLIR_02097.png,630,150,10,27
train,FLIR_02100.png,324,217,5,10
train,FLIR_02100.png,356,217,6,9
train,FLIR_02101.png,388,215,9,11
train,FLIR_02102.png,387,210,9,13
train,FLIR_02102.png,429,210,9,12
train,FLIR_02103.png,447,192,14,19
train,FLIR_02103.png,493,193,14,20
train,FLIR_02104.png,582,165,24,29
train,FLIR_02107.png,291,216,5,7
train,FLIR_02107.png,349,222,4,7
train,FLIR_02108.png,345,207,6,11
train,FLIR_02109.png,416,194,11,16
train,FLIR_02109.png,430,202,8,13
train,FLIR_02109.png,284,223,5,6
train,FLIR_02109.png,317,222,5,7
train,FLIR_02110.png,548,175,17,23
train,FLIR_02112.png,373,212,8,12
train,FLIR_02112.png,442,216,7,11
train,FLIR_02113.png,535,213,9,11
train,FLIR_02113.png,447,202,10,16
train,FLIR_02114.png,553,216,6,7
train,FLIR_02115.png,590,213,7,10
train,FLIR_02123.png,459,220,6,8
train,FLIR_02125.png,553,218,6,10
train,FLIR_02125.png,445,221,5,7
train,FLIR_02126.png,489,218,8,13
train,FLIR_02135.png,498,217,5,7
train,FLIR_02169.png,264,208,3,8
train,FLIR_02171.png,144,207,6,10
train,FLIR_02172.png,51,208,3,11
train,FLIR_02197.png,527,217,8,12
train,FLIR_02211.png,236,185,6,14
train,FLIR_02211.png,261,207,7,10
train,FLIR_02212.png,271,205,11,13
train,FLIR_02212.png,235,184,7,14
train,FLIR_02213.png,237,187,6,12
train,FLIR_02214.png,237,184,7,15
train,FLIR_02215.png,237,186,7,12
train,FLIR_02215.png,335,198,7,12
train,FLIR_02216.png,237,185,7,13
train,FLIR_02216.png,361,193,6,11
train,FLIR_02217.png,237,185,7,14
train,FLIR_02224.png,503,300,10,15
train,FLIR_02225.png,538,310,11,15
train,FLIR_02226.png,575,325,12,17
train,FLIR_02243.png,237,185,5,11
train,FLIR_02307.png,343,206,9,15
train,FLIR_02308.png,631,176,9,17
train,FLIR_02331.png,430,221,7,11
train,FLIR_02331.png,80,235,4,7
train,FLIR_02334.png,19,212,5,8
train,FLIR_02343.png,120,219,6,11
train,FLIR_02355.png,565,199,5,12
train,FLIR_02356.png,614,194,10,15
train,FLIR_02396.png,281,199,12,24
train,FLIR_02401.png,386,198,13,18
train,FLIR_02402.png,54,196,9,16
train,FLIR_02438.png,461,212,5,7
train,FLIR_02439.png,592,196,9,11
train,FLIR_02449.png,22,105,36,62
train,FLIR_02450.png,342,117,22,58
train,FLIR_02458.png,580,238,7,10
train,FLIR_02476.png,546,211,6,9
train,FLIR_02485.png,127,207,7,13
train,FLIR_02494.png,245,215,3,7
train,FLIR_02495.png,218,206,5,8
train,FLIR_02496.png,167,202,5,11
train,FLIR_02497.png,99,206,5,11
train,FLIR_02498.png,12,205,4,14
train,FLIR_02506.png,46,211,8,11
train,FLIR_02529.png,75,210,8,9
train,FLIR_02530.png,121,203,8,9
train,FLIR_02539.png,609,203,6,11
train,FLIR_02539.png,107,218,6,9
train,FLIR_02540.png,18,210,11,13
train,FLIR_02541.png,49,213,8,9
train,FLIR_02543.png,187,223,3,7
train,FLIR_02544.png,131,218,8,12
train,FLIR_02547.png,463,218,4,6
train,FLIR_02553.png,25,200,13,17
train,FLIR_02554.png,31,194,14,21
train,FLIR_02555.png,370,198,5,10
train,FLIR_02559.png,567,179,4,12
train,FLIR_02563.png,483,221,6,10
train,FLIR_02565.png,608,173,10,15
train,FLIR_02565.png,565,174,9,14
train,FLIR_02578.png,17,207,4,9
train,FLIR_02593.png,414,162,10,20
train,FLIR_02608.png,77,220,6,6
train,FLIR_02608.png,532,226,4,6
train,FLIR_02608.png,557,216,4,5
train,FLIR_02627.png,65,207,8,9
train,FLIR_02634.png,587,220,6,9
train,FLIR_02634.png,9,215,8,12
train,FLIR_02662.png,108,196,9,11
train,FLIR_02669.png,92,219,4,7
train,FLIR_02671.png,475,210,5,8
train,FLIR_02671.png,491,209,4,7
train,FLIR_02671.png,432,210,4,6
train,FLIR_02671.png,111,211,5,7
train,FLIR_02672.png,452,211,5,10
train,FLIR_02673.png,359,210,4,9
train,FLIR_02673.png,341,214,5,8
train,FLIR_02674.png,284,209,5,7
train,FLIR_02674.png,316,211,5,8
train,FLIR_02674.png,301,215,5,7
train,FLIR_02674.png,20,205,7,10
train,FLIR_02680.png,440,202,6,10
train,FLIR_02681.png,349,202,9,12
train,FLIR_02682.png,260,206,7,11
train,FLIR_02683.png,148,201,11,17
train,FLIR_02699.png,530,207,5,14
train,FLIR_02699.png,204,204,6,17
train,FLIR_02716.png,603,230,8,9
train,FLIR_02716.png,522,238,6,6
train,FLIR_02716.png,505,243,5,7
train,FLIR_02716.png,567,238,6,7
train,FLIR_02736.png,586,202,9,12
train,FLIR_02830.png,476,228,10,11
train,FLIR_02830.png,528,226,8,14
train,FLIR_02831.png,577,188,12,16
train,FLIR_02873.png,374,234,6,9
train,FLIR_02878.png,462,228,5,5
train,FLIR_02879.png,565,222,7,10
train,FLIR_02893.png,538,108,9,14
train,FLIR_02899.png,413,211,6,7
train,FLIR_02919.png,618,203,6,10
train,FLIR_02943.png,601,101,10,15
train,FLIR_02949.png,321,211,6,11
train,FLIR_02954.png,16,192,8,19
train,FLIR_02955.png,120,191,11,21
train,FLIR_02955.png,13,182,20,35
train,FLIR_02956.png,214,180,15,36
train,FLIR_02957.png,312,201,12,16
train,FLIR_02957.png,103,183,15,29
train,FLIR_02960.png,538,217,9,12
train,FLIR_02961.png,541,201,11,25
train,FLIR_03012.png,102,254,5,8
train,FLIR_03031.png,455,221,5,8
train,FLIR_03033.png,358,224,5,7
train,FLIR_03036.png,212,221,4,7
train,FLIR_03055.png,472,208,5,12
train,FLIR_03056.png,511,191,6,14
train,FLIR_03057.png,593,174,13,21
train,FLIR_03091.png,162,203,5,10
train,FLIR_03091.png,553,233,6,9
train,FLIR_03092.png,523,235,5,9
train,FLIR_03097.png,346,228,5,8
train,FLIR_03101.png,16,199,6,14
train,FLIR_03120.png,513,208,6,11
train,FLIR_03120.png,577,211,6,11
train,FLIR_03120.png,628,193,9,13
train,FLIR_03121.png,594,214,7,14
train,FLIR_03121.png,570,221,10,15
train,FLIR_03122.png,576,225,12,22
train,FLIR_03122.png,514,199,14,21
train,FLIR_03123.png,454,194,15,24
train,FLIR_03123.png,553,217,5,19
train,FLIR_03123.png,496,242,7,21
train,FLIR_03124.png,382,245,8,18
train,FLIR_03124.png,371,202,13,19
train,FLIR_03124.png,465,208,9,22
train,FLIR_03125.png,512,240,13,25
train,FLIR_03125.png,555,206,16,22
train,FLIR_03125.png,613,230,16,26
train,FLIR_03125.png,253,248,11,20
train,FLIR_03126.png,131,252,14,25
train,FLIR_03126.png,165,207,8,24
train,FLIR_03126.png,438,199,23,31
train,FLIR_03127.png,323,206,16,25
train,FLIR_03127.png,23,255,7,26
train,FLIR_03127.png,70,216,9,20
train,FLIR_03127.png,184,234,6,16
train,FLIR_03128.png,201,214,9,27
train,FLIR_03128.png,572,194,12,22
train,FLIR_03129.png,452,197,13,23
train,FLIR_03129.png,85,221,11,22
train,FLIR_03130.png,347,202,12,22
train,FLIR_03131.png,246,208,12,23
train,FLIR_03132.png,141,207,10,24
train,FLIR_03133.png,42,217,8,19
train,FLIR_03153.png,468,222,12,14
train,FLIR_03153.png,550,226,9,15
train,FLIR_03177.png,522,190,10,13
train,FLIR_03177.png,499,191,8,11
train,FLIR_03181.png,254,210,4,10
train,FLIR_03203.png,120,211,8,13
train,FLIR_03204.png,99,208,10,14
train,FLIR_03205.png,71,198,8,16
train,FLIR_03214.png,429,194,7,10
train,FLIR_03214.png,408,193,6,10
train,FLIR_03215.png,479,186,9,11
train,FLIR_03215.png,498,189,8,11
train,FLIR_03216.png,591,176,11,15
train,FLIR_03216.png,614,186,10,13
train,FLIR_03217.png,471,202,9,12
train,FLIR_03218.png,539,189,13,18
train,FLIR_03222.png,360,207,8,11
train,FLIR_03222.png,337,221,5,8
train,FLIR_03223.png,392,208,9,10
train,FLIR_03224.png,431,200,11,14
train,FLIR_03225.png,486,190,14,17
train,FLIR_03226.png,573,171,22,21
train,FLIR_03233.png,425,205,5,13
train,FLIR_03253.png,146,191,7,12
train,FLIR_03254.png,154,192,8,12
train,FLIR_03255.png,141,197,9,11
train,FLIR_03256.png,134,194,7,12
train,FLIR_03263.png,33,226,7,11
train,FLIR_03263.png,75,218,7,11
train,FLIR_03319.png,549,212,5,8
train,FLIR_03319.png,562,213,5,8
train,FLIR_03329.png,539,202,8,11
train,FLIR_03334.png,395,203,7,13
train,FLIR_03335.png,208,195,11,14
train,FLIR_03339.png,5,211,9,13
train,FLIR_03340.png,44,212,9,12
train,FLIR_03340.png,6,199,12,18
train,FLIR_03341.png,163,208,10,13
train,FLIR_03341.png,123,190,14,19
train,FLIR_03342.png,297,175,20,26
train,FLIR_03342.png,353,196,17,21
train,FLIR_03343.png,564,138,28,34
train,FLIR_03345.png,436,210,9,14
train,FLIR_03347.png,598,197,11,19
train,FLIR_03351.png,615,197,14,16
train,FLIR_03411.png,554,200,10,13
train,FLIR_03445.png,556,210,4,11
train,FLIR_03462.png,45,189,8,15
train,FLIR_03462.png,28,203,9,14
train,FLIR_03479.png,535,203,8,14
train,FLIR_03486.png,165,218,7,11
train,FLIR_03487.png,152,216,7,13
train,FLIR_03491.png,391,210,11,15
train,FLIR_03492.png,630,196,10,18
train,FLIR_03504.png,436,220,7,9
train,FLIR_03504.png,399,223,7,9
train,FLIR_03505.png,491,198,13,19
train,FLIR_03505.png,535,200,15,16
train,FLIR_03521.png,398,190,11,15
train,FLIR_03522.png,512,155,19,21
train,FLIR_03522.png,429,211,7,10
train,FLIR_03523.png,450,207,8,9
train,FLIR_03524.png,483,199,14,14
train,FLIR_03525.png,567,175,16,20
train,FLIR_03535.png,608,231,8,11
train,FLIR_03544.png,344,221,8,10
train,FLIR_03577.png,586,168,18,25
train,FLIR_03632.png,312,221,7,8
train,FLIR_03633.png,477,203,11,15
train,FLIR_03669.png,498,213,10,13
train,FLIR_03764.png,607,189,11,10
train,FLIR_03809.png,545,185,6,12
train,FLIR_03858.png,93,148,14,27
train,FLIR_03858.png,1,132,12,27
train,FLIR_03859.png,233,147,16,27
train,FLIR_03859.png,174,127,13,30
train,FLIR_03859.png,174,142,6,25
train,FLIR_03860.png,434,153,12,25
train,FLIR_03860.png,416,143,8,29
train,FLIR_03860.png,93,170,13,28
train,FLIR_03860.png,52,174,14,21
train,FLIR_03861.png,162,159,12,24
train,FLIR_03861.png,230,171,10,20
train,FLIR_03861.png,300,175,14,23
train,FLIR_03861.png,607,129,13,27
train,FLIR_03862.png,374,157,9,21
train,FLIR_03862.png,421,167,12,19
train,FLIR_03863.png,571,161,9,21
train,FLIR_03863.png,613,175,9,21
train,FLIR_03950.png,601,160,9,17
train,FLIR_04073.png,527,184,6,10
train,FLIR_04212.png,520,219,7,10
train,FLIR_04241.png,447,215,6,7
train,FLIR_04242.png,564,203,12,14
train,FLIR_04249.png,530,194,10,23
train,FLIR_04257.png,440,206,8,11
train,FLIR_04258.png,530,194,13,18
train,FLIR_04262.png,544,203,7,7
train,FLIR_04268.png,461,221,5,8
train,FLIR_04268.png,481,223,5,7
train,FLIR_04269.png,518,212,8,12
train,FLIR_04269.png,549,217,8,10
train,FLIR_04314.png,298,208,9,9
train,FLIR_04448.png,230,208,6,7
train,FLIR_04454.png,477,216,7,8
train,FLIR_04511.png,28,210,5,10
train,FLIR_04564.png,555,208,11,13
train,FLIR_04637.png,526,203,7,14
train,FLIR_04674.png,45,258,11,15
train,FLIR_04675.png,138,201,12,20
train,FLIR_04676.png,334,203,13,17
train,FLIR_04677.png,543,209,12,15
train,FLIR_04683.png,105,203,8,13
train,FLIR_04684.png,151,202,10,14
train,FLIR_04685.png,198,201,9,15
train,FLIR_04686.png,256,202,8,13
train,FLIR_04687.png,314,202,9,12
train,FLIR_04688.png,388,201,7,14
train,FLIR_04689.png,462,203,9,16
train,FLIR_04690.png,539,200,9,16
train,FLIR_04691.png,625,193,9,18
train,FLIR_04773.png,540,195,9,15
train,FLIR_04773.png,520,209,6,15
train,FLIR_04869.png,517,228,10,15
train,FLIR_04869.png,496,223,8,11
train,FLIR_04870.png,560,210,9,14
train,FLIR_04880.png,69,196,11,15
train,FLIR_04886.png,271,215,5,9
train,FLIR_04887.png,228,208,8,13
train,FLIR_04888.png,169,197,11,16
train,FLIR_04889.png,84,183,13,19
train,FLIR_04892.png,108,187,9,16
train,FLIR_04893.png,146,185,9,15
train,FLIR_04894.png,196,186,7,18
train,FLIR_04894.png,171,200,6,15
train,FLIR_04950.png,590,196,8,11
train,FLIR_04950.png,551,204,5,10
train,FLIR_04952.png,592,196,7,13
train,FLIR_04976.png,256,162,15,14
train,FLIR_04977.png,225,161,12,19
train,FLIR_04978.png,114,157,15,22
train,FLIR_05025.png,588,211,19,21
train,FLIR_05026.png,545,208,16,20
train,FLIR_05026.png,511,208,14,18
train,FLIR_05028.png,305,209,13,22
train,FLIR_05028.png,369,211,12,19
train,FLIR_05029.png,311,213,10,17
train,FLIR_05029.png,20,232,13,20
train,FLIR_05030.png,265,214,7,15
train,FLIR_05030.png,121,236,14,20
train,FLIR_05030.png,517,243,4,5
train,FLIR_05032.png,463,214,21,34
train,FLIR_05032.png,191,225,23,23
train,FLIR_05032.png,230,210,12,19
train,FLIR_05034.png,526,210,7,9
train,FLIR_05100.png,274,185,10,15
train,FLIR_05101.png,517,150,13,19
train,FLIR_05111.png,50,211,7,11
train,FLIR_05112.png,60,210,8,12
train,FLIR_05113.png,90,206,7,10
train,FLIR_05114.png,132,206,6,11
train,FLIR_05117.png,285,205,7,13
train,FLIR_05120.png,444,214,4,11
train,FLIR_05207.png,517,205,8,11
train,FLIR_05475.png,627,190,9,13
train,FLIR_05491.png,574,202,9,11
train,FLIR_05533.png,636,237,4,10
train,FLIR_05533.png,610,245,6,10
train,FLIR_05577.png,577,225,7,11
train,FLIR_05577.png,536,232,6,9
train,FLIR_05629.png,534,314,7,15
train,FLIR_05639.png,616,239,8,15
train,FLIR_05639.png,567,231,12,15
train,FLIR_05647.png,592,244,8,11
train,FLIR_05647.png,563,240,6,9
train,FLIR_05648.png,492,243,2,6
train,FLIR_05692.png,24,250,11,15
train,FLIR_05692.png,58,248,10,19
train,FLIR_05693.png,127,250,12,19
train,FLIR_05693.png,84,249,11,16
train,FLIR_05694.png,197,250,9,20
train,FLIR_05694.png,143,249,10,16
train,FLIR_05695.png,265,256,11,17
train,FLIR_05695.png,206,249,9,17
train,FLIR_05696.png,339,252,9,19
train,FLIR_05696.png,273,253,9,14
train,FLIR_05697.png,335,252,10,16
train,FLIR_05697.png,409,252,11,20
train,FLIR_05698.png,404,253,8,16
train,FLIR_05698.png,7,248,9,17
train,FLIR_05699.png,467,254,10,17
train,FLIR_05699.png,66,230,15,18
train,FLIR_05699.png,86,250,12,19
train,FLIR_05700.png,536,255,8,17
train,FLIR_05700.png,167,251,9,20
train,FLIR_05700.png,147,232,11,17
train,FLIR_05701.png,222,234,15,17
train,FLIR_05701.png,259,255,9,19
train,FLIR_05702.png,308,235,10,19
train,FLIR_05702.png,344,260,8,17
train,FLIR_05703.png,388,240,9,19
train,FLIR_05703.png,422,256,8,18
train,FLIR_05704.png,463,243,10,17
train,FLIR_05704.png,497,255,8,18
train,FLIR_05705.png,543,248,9,16
train,FLIR_05706.png,616,247,8,20
train,FLIR_05762.png,486,262,9,12
train,FLIR_05888.png,567,231,9,18
train,FLIR_05895.png,240,256,5,6
train,FLIR_05895.png,224,265,5,6
train,FLIR_05897.png,165,247,5,9
train,FLIR_05897.png,190,236,5,9
train,FLIR_05900.png,0,219,9,16
train,FLIR_05921.png,396,244,7,9
train,FLIR_05941.png,355,221,5,9
train,FLIR_05944.png,495,205,6,11
train,FLIR_05945.png,558,200,8,11
train,FLIR_05946.png,633,188,7,12
train,FLIR_05953.png,109,236,5,7
train,FLIR_05955.png,56,227,8,11
train,FLIR_05955.png,92,225,7,10
train,FLIR_05955.png,108,228,6,9
train,FLIR_05956.png,4,221,10,15
train,FLIR_05956.png,49,220,8,12
train,FLIR_05956.png,90,225,4,8
train,FLIR_06017.png,628,247,12,15
train,FLIR_06032.png,96,224,6,9
train,FLIR_06033.png,66,224,7,9
train,FLIR_06034.png,33,215,9,13
train,FLIR_06034.png,65,228,9,12
train,FLIR_06035.png,22,223,7,9
train,FLIR_06289.png,480,229,5,6
train,FLIR_06296.png,570,230,8,12
train,FLIR_06300.png,619,233,6,12
train,FLIR_06301.png,585,232,9,11
train,FLIR_06303.png,516,232,5,11
train,FLIR_06306.png,620,241,6,9
train,FLIR_06308.png,313,257,7,10
train,FLIR_06336.png,121,245,10,11
train,FLIR_06337.png,31,253,15,17
train,FLIR_06378.png,15,258,13,20
train,FLIR_06427.png,159,201,8,11
train,FLIR_06428.png,76,189,15,15
train,FLIR_06429.png,44,218,10,15
train,FLIR_06528.png,7,255,7,12
train,FLIR_06560.png,126,236,12,14
train,FLIR_06561.png,80,241,12,20
train,FLIR_06597.png,131,251,9,11
train,FLIR_06598.png,59,256,13,17
train,FLIR_06623.png,247,236,10,17
train,FLIR_06646.png,69,244,11,14
train,FLIR_06646.png,103,252,12,15
train,FLIR_06646.png,130,240,11,12
train,FLIR_06647.png,24,254,12,18
train,FLIR_06669.png,53,247,11,15
train,FLIR_06681.png,50,244,10,17
train,FLIR_06702.png,109,243,10,12
train,FLIR_06711.png,134,253,6,11
train,FLIR_06712.png,18,272,13,17
train,FLIR_06727.png,177,233,5,8
train,FLIR_06728.png,102,240,13,16
train,FLIR_06749.png,33,240,9,12
train,FLIR_06759.png,398,233,9,11
train,FLIR_06760.png,445,242,8,13
train,FLIR_06894.png,562,263,11,21
train,FLIR_06895.png,397,267,14,24
train,FLIR_06896.png,227,262,12,25
train,FLIR_06897.png,77,270,8,22
train,FLIR_06958.png,383,231,7,9
train,FLIR_06960.png,224,239,7,10
train,FLIR_06961.png,92,248,12,16
train,FLIR_07546.png,613,232,5,10
train,FLIR_07564.png,66,216,16,26
train,FLIR_07564.png,82,208,9,23
train,FLIR_07565.png,186,220,12,27
train,FLIR_07566.png,310,227,8,26
train,FLIR_07567.png,420,231,7,26
train,FLIR_07568.png,599,226,7,12
train,FLIR_07569.png,496,220,9,12
train,FLIR_07572.png,130,211,6,13
train,FLIR_07578.png,591,241,10,15
train,FLIR_07580.png,0,238,8,22
train,FLIR_07611.png,46,232,9,10
train,FLIR_07615.png,328,215,7,9
train,FLIR_07615.png,273,219,5,7
train,FLIR_07616.png,260,204,8,14
train,FLIR_07616.png,295,220,7,9
train,FLIR_07617.png,109,206,10,13
train,FLIR_07617.png,344,233,5,7
train,FLIR_07617.png,328,219,7,7
train,FLIR_07617.png,245,213,5,7
train,FLIR_07619.png,421,228,6,10
train,FLIR_07619.png,406,219,5,9
train,FLIR_07619.png,306,215,5,8
train,FLIR_07619.png,290,217,4,8
train,FLIR_07619.png,255,209,5,7
train,FLIR_07620.png,466,228,6,10
train,FLIR_07620.png,441,215,8,11
train,FLIR_07620.png,329,216,6,9
train,FLIR_07620.png,319,219,6,9
train,FLIR_07621.png,347,217,5,11
train,FLIR_07621.png,510,227,7,10
train,FLIR_07621.png,485,213,8,11
train,FLIR_07621.png,254,201,5,8
train,FLIR_07621.png,209,207,5,9
train,FLIR_07621.png,226,205,4,8
train,FLIR_07621.png,362,215,6,9
train,FLIR_07622.png,381,217,5,10
train,FLIR_07622.png,392,215,7,9
train,FLIR_07622.png,280,203,5,10
train,FLIR_07622.png,228,209,5,9
train,FLIR_07622.png,220,217,5,8
train,FLIR_07622.png,533,212,9,11
train,FLIR_07622.png,556,228,7,10
train,FLIR_07626.png,406,221,7,10
train,FLIR_07626.png,387,214,7,11
train,FLIR_07626.png,324,217,7,10
train,FLIR_07626.png,222,216,5,8
train,FLIR_07627.png,299,216,5,11
train,FLIR_07627.png,358,217,7,11
train,FLIR_07627.png,314,217,7,8
train,FLIR_07627.png,443,224,7,8
train,FLIR_07627.png,425,214,5,11
train,FLIR_07627.png,239,219,4,9
train,FLIR_07627.png,369,216,6,10
train,FLIR_07628.png,484,220,7,11
train,FLIR_07628.png,463,212,7,12
train,FLIR_07628.png,396,216,8,12
train,FLIR_07628.png,350,215,6,10
train,FLIR_07628.png,263,219,7,9
train,FLIR_07628.png,295,218,6,11
train,FLIR_07628.png,330,216,6,11
train,FLIR_07628.png,222,210,6,9
train,FLIR_07628.png,246,210,6,9
train,FLIR_07628.png,406,214,7,11
train,FLIR_07628.png,319,208,6,9
train,FLIR_07628.png,292,206,5,9
train,FLIR_07629.png,450,213,9,12
train,FLIR_07630.png,253,209,7,9
train,FLIR_07630.png,324,214,6,12
train,FLIR_07630.png,360,223,9,9
train,FLIR_07630.png,414,209,7,16
train,FLIR_07630.png,441,208,7,14
train,FLIR_07630.png,482,216,6,12
train,FLIR_07630.png,588,219,6,12
train,FLIR_07631.png,629,203,8,15
train,FLIR_07631.png,471,205,9,14
train,FLIR_07632.png,319,194,9,14
train,FLIR_07632.png,417,202,7,15
train,FLIR_07632.png,558,197,8,15
train,FLIR_07632.png,579,205,13,9
train,FLIR_07632.png,365,199,9,12
train,FLIR_07632.png,619,206,8,11
train,FLIR_07633.png,543,197,12,15
train,FLIR_07633.png,503,198,7,17
train,FLIR_07633.png,379,186,10,16
train,FLIR_07633.png,421,192,11,14
train,FLIR_07633.png,458,205,7,12
train,FLIR_07634.png,467,170,13,23
train,FLIR_07634.png,498,184,13,20
train,FLIR_07634.png,522,198,12,15
train,FLIR_07635.png,552,203,12,18
train,FLIR_07635.png,611,176,17,28
train,FLIR_07677.png,12,227,11,14
train,FLIR_07680.png,129,213,7,10
train,FLIR_07681.png,72,210,12,14
train,FLIR_07686.png,497,234,8,11
train,FLIR_07687.png,512,245,10,14
train,FLIR_07687.png,515,232,13,16
train,FLIR_07688.png,585,252,17,22
train,FLIR_07688.png,578,228,19,22
train,FLIR_07689.png,488,235,8,10
train,FLIR_07689.png,470,240,8,8
train,FLIR_07690.png,498,234,10,14
train,FLIR_07691.png,531,232,15,16
train,FLIR_07691.png,527,248,11,14
train,FLIR_07692.png,607,224,21,28
train,FLIR_07742.png,598,264,12,16
train,FLIR_07743.png,71,211,10,15
train,FLIR_07798.png,38,209,13,22
train,FLIR_07808.png,458,225,8,12
train,FLIR_07808.png,599,239,7,11
train,FLIR_07809.png,490,225,11,14
train,FLIR_07810.png,552,220,10,22
train,FLIR_07825.png,516,225,4,9
train,FLIR_07826.png,529,222,9,11
train,FLIR_07827.png,538,216,6,14
train,FLIR_07833.png,584,229,4,15
train,FLIR_07848.png,541,231,8,11
train,FLIR_07867.png,465,226,7,11
train,FLIR_07867.png,522,227,8,9
train,FLIR_07868.png,496,223,10,13
train,FLIR_07868.png,109,224,6,8
train,FLIR_07869.png,572,220,14,19
train,FLIR_07869.png,23,220,11,16
train,FLIR_07883.png,78,225,9,11
train,FLIR_08000.png,440,221,4,6
train,FLIR_08000.png,455,223,5,7
train,FLIR_08002.png,418,227,6,12
train,FLIR_08002.png,402,220,6,10
train,FLIR_08002.png,512,222,9,9
train,FLIR_08002.png,553,225,6,11
train,FLIR_08003.png,533,220,9,12
train,FLIR_08003.png,289,220,5,8
train,FLIR_08003.png,369,215,7,11
train,FLIR_08003.png,571,222,7,12
train,FLIR_08003.png,461,227,5,11
train,FLIR_08003.png,205,223,4,8
train,FLIR_08003.png,165,214,5,7
train,FLIR_08004.png,560,221,12,14
train,FLIR_08004.png,605,220,9,10
train,FLIR_08004.png,433,223,5,10
train,FLIR_08004.png,318,209,6,13
train,FLIR_08004.png,161,225,5,11
train,FLIR_08005.png,616,225,16,17
train,FLIR_08009.png,75,207,10,25
train,FLIR_08009.png,19,214,6,12
train,FLIR_08013.png,373,208,10,18
train,FLIR_08014.png,624,219,7,19
train,FLIR_08050.png,45,206,6,14
train,FLIR_08060.png,32,220,10,14
train,FLIR_08094.png,462,227,5,8
train,FLIR_08102.png,306,237,18,19
train,FLIR_08130.png,135,219,8,11
train,FLIR_08131.png,16,215,10,17
train,FLIR_08135.png,581,217,3,8
train,FLIR_08151.png,171,213,8,7
train,FLIR_08186.png,612,227,13,15
train,FLIR_08187.png,473,225,8,11
train,FLIR_08188.png,413,229,5,10
train,FLIR_08188.png,488,225,11,14
train,FLIR_08189.png,415,222,7,13
train,FLIR_08189.png,519,215,15,19
train,FLIR_08190.png,563,199,19,26
train,FLIR_08191.png,526,209,7,16
train,FLIR_08191.png,347,228,9,13
train,FLIR_08192.png,405,202,12,20
train,FLIR_08193.png,539,177,21,25
train,FLIR_08197.png,375,211,8,10
train,FLIR_08197.png,399,210,7,9
train,FLIR_08199.png,439,203,8,13
train,FLIR_08199.png,476,202,7,13
train,FLIR_08200.png,444,199,11,15
train,FLIR_08200.png,505,196,9,15
train,FLIR_08201.png,537,200,10,13
train,FLIR_08201.png,475,204,10,13
train,FLIR_08202.png,573,189,13,22
train,FLIR_08202.png,500,196,15,23
train,FLIR_08203.png,541,187,20,29
train,FLIR_08203.png,613,182,15,24
train,FLIR_08204.png,572,185,22,31
train,FLIR_08241.png,582,176,5,21
train,FLIR_08244.png,510,190,7,17
train,FLIR_08245.png,495,192,9,15
train,FLIR_08246.png,622,184,11,23
train,FLIR_08247.png,594,193,9,16
train,FLIR_08422.png,461,203,6,9
train,FLIR_08422.png,440,219,5,10
train,FLIR_08428.png,506,218,5,10
train,FLIR_08428.png,546,195,6,10
train,FLIR_08485.png,572,213,6,22
train,FLIR_08486.png,438,203,17,27
train,FLIR_08487.png,310,200,18,27
train,FLIR_08488.png,189,194,18,28
train,FLIR_08488.png,591,215,18,23
train,FLIR_08489.png,72,185,6,27
train,FLIR_08489.png,515,213,14,22
train,FLIR_08490.png,432,212,12,22
train,FLIR_08490.png,603,277,14,21
train,FLIR_08491.png,340,217,10,17
train,FLIR_08491.png,516,272,10,21
train,FLIR_08492.png,432,269,12,18
train,FLIR_08492.png,262,208,10,21
train,FLIR_08493.png,350,268,13,19
train,FLIR_08493.png,182,203,12,21
train,FLIR_08494.png,273,267,9,17
train,FLIR_08494.png,343,219,6,12
train,FLIR_08494.png,105,202,8,16
train,FLIR_08495.png,197,259,12,18
train,FLIR_08495.png,27,197,8,19
train,FLIR_08495.png,485,226,7,11
train,FLIR_08496.png,117,254,11,19
train,FLIR_08496.png,138,213,6,8
train,FLIR_08496.png,624,228,3,9
train,FLIR_08497.png,36,254,10,18
train,FLIR_08540.png,298,241,31,53
train,FLIR_08764.png,30,255,13,17
train,FLIR_08765.png,108,254,4,13
val,FLIR_08864.png,392,201,7,15
val,FLIR_08865.png,207,206,7,13
val,FLIR_08865.png,397,210,8,12
val,FLIR_08866.png,121,219,6,12
val,FLIR_08866.png,369,209,5,11
val,FLIR_08866.png,304,213,6,11
val,FLIR_08866.png,96,207,6,11
val,FLIR_08868.png,466,205,7,9
val,FLIR_08869.png,389,203,6,9
val,FLIR_08869.png,465,206,7,10
val,FLIR_08869.png,432,207,6,9
val,FLIR_08870.png,331,204,6,10
val,FLIR_08870.png,397,205,6,10
val,FLIR_08870.png,425,208,7,10
val,FLIR_08870.png,24,220,7,9
val,FLIR_08871.png,400,208,6,10
val,FLIR_08871.png,379,207,5,11
val,FLIR_08871.png,273,208,4,9
val,FLIR_08871.png,341,209,4,8
val,FLIR_08872.png,347,209,8,9
val,FLIR_08872.png,283,210,7,11
val,FLIR_08872.png,324,209,6,11
val,FLIR_08883.png,433,196,7,11
val,FLIR_08884.png,395,196,7,12
val,FLIR_08886.png,249,206,6,14
val,FLIR_08887.png,174,211,8,11
val,FLIR_08888.png,101,213,10,11
val,FLIR_08898.png,112,213,6,11
val,FLIR_08899.png,398,185,7,13
val,FLIR_08901.png,184,207,6,12
val,FLIR_08902.png,400,187,5,12
val,FLIR_08902.png,277,208,5,9
val,FLIR_08903.png,368,206,5,10
val,FLIR_08906.png,531,151,11,23
val,FLIR_08907.png,428,168,15,23
val,FLIR_08907.png,358,151,16,32
val,FLIR_08907.png,331,170,15,22
val,FLIR_08908.png,405,168,35,44
val,FLIR_08908.png,67,148,17,37
val,FLIR_08908.png,137,174,16,36
val,FLIR_08909.png,496,141,23,40
val,FLIR_08910.png,203,141,16,36
val,FLIR_08912.png,42,195,14,23
val,FLIR_08912.png,86,188,15,21
val,FLIR_08913.png,257,184,14,23
val,FLIR_08913.png,63,192,12,23
val,FLIR_08914.png,203,174,17,30
val,FLIR_08914.png,231,184,16,26
val,FLIR_08915.png,421,175,10,25
val,FLIR_08915.png,94,168,17,33
val,FLIR_08915.png,50,167,21,30
val,FLIR_08916.png,233,166,16,25
val,FLIR_08917.png,171,151,17,28
val,FLIR_08917.png,24,187,12,31
val,FLIR_08917.png,422,145,13,40
val,FLIR_08918.png,142,191,12,27
val,FLIR_08918.png,187,179,6,32
val,FLIR_08918.png,386,158,11,24
val,FLIR_08918.png,587,158,10,34
val,FLIR_08918.png,545,175,9,25
val,FLIR_08919.png,325,181,16,28
val,FLIR_08919.png,281,192,13,23
val,FLIR_08920.png,408,189,11,23
val,FLIR_08921.png,533,184,16,24
val,FLIR_08927.png,352,205,7,9
val,FLIR_08927.png,325,200,6,9
val,FLIR_08929.png,320,191,9,14
val,FLIR_08929.png,349,193,11,14
val,FLIR_08930.png,320,185,8,15
val,FLIR_08930.png,354,190,8,14
val,FLIR_08931.png,358,186,9,16
val,FLIR_08932.png,336,167,14,20
val,FLIR_08932.png,373,176,12,20
val,FLIR_08933.png,427,166,16,21
val,FLIR_08933.png,381,157,13,24
val,FLIR_08934.png,517,161,20,26
val,FLIR_08934.png,470,147,18,29
val,FLIR_08934.png,401,171,12,19
val,FLIR_08934.png,428,175,14,20
val,FLIR_08935.png,576,136,24,33
val,FLIR_08936.png,610,151,13,27
val,FLIR_08952.png,547,201,7,12
val,FLIR_08959.png,611,180,6,15
val,FLIR_08984.png,547,200,5,10
val,FLIR_08984.png,483,199,4,9
val,FLIR_08987.png,590,192,10,13
val,FLIR_08988.png,610,181,7,14
val,FLIR_08995.png,548,190,6,12
val,FLIR_09020.png,566,190,7,12
val,FLIR_09022.png,16,213,6,11
val,FLIR_09022.png,334,199,8,15
val,FLIR_09023.png,64,213,5,9
val,FLIR_09023.png,354,205,7,10
val,FLIR_09027.png,614,187,6,12
val,FLIR_09027.png,591,195,6,10
val,FLIR_09028.png,583,190,5,8
val,FLIR_09029.png,548,190,6,10
val,FLIR_09029.png,426,211,6,8
val,FLIR_09029.png,495,203,8,9
val,FLIR_09043.png,593,191,7,16
val,FLIR_09051.png,335,208,7,12
val,FLIR_09052.png,473,199,7,13
val,FLIR_09052.png,517,202,11,15
val,FLIR_09052.png,229,203,4,13
val,FLIR_09053.png,358,205,8,13
val,FLIR_09065.png,501,203,8,11
val,FLIR_09065.png,552,207,8,11
val,FLIR_09065.png,467,211,7,9
val,FLIR_09066.png,561,191,10,15
val,FLIR_09066.png,618,196,11,15
val,FLIR_09066.png,466,211,8,11
val,FLIR_09067.png,528,193,10,15
val,FLIR_09067.png,493,199,6,13
val,FLIR_09067.png,457,209,7,9
val,FLIR_09068.png,538,184,13,19
val,FLIR_09068.png,592,179,12,17
val,FLIR_09069.png,583,178,17,21
val,FLIR_09070.png,575,187,14,18
val,FLIR_09072.png,461,199,7,9
val,FLIR_09073.png,500,194,9,11
val,FLIR_09077.png,630,192,10,14
val,FLIR_09082.png,518,219,9,12
val,FLIR_09082.png,435,210,10,13
val,FLIR_09084.png,614,189,17,26
val,FLIR_09091.png,375,178,7,10
val,FLIR_09092.png,400,173,8,12
val,FLIR_09093.png,454,167,14,18
val,FLIR_09093.png,390,205,7,9
val,FLIR_09094.png,591,132,21,33
val,FLIR_09094.png,456,193,9,13
val,FLIR_09094.png,417,202,8,12
val,FLIR_09095.png,505,201,11,13
val,FLIR_09095.png,468,200,9,12
val,FLIR_09095.png,449,207,10,13
val,FLIR_09096.png,586,188,17,20
val,FLIR_09096.png,537,192,14,17
val,FLIR_09096.png,522,195,13,21
val,FLIR_09101.png,625,197,11,20
val,FLIR_09103.png,420,197,10,14
val,FLIR_09104.png,456,194,11,16
val,FLIR_09105.png,503,194,12,16
val,FLIR_09105.png,458,217,10,15
val,FLIR_09106.png,557,186,15,21
val,FLIR_09106.png,488,205,15,24
val,FLIR_09109.png,434,213,6,9
val,FLIR_09110.png,387,202,6,11
val,FLIR_09110.png,395,211,8,9
val,FLIR_09110.png,481,207,7,10
val,FLIR_09110.png,415,210,7,11
val,FLIR_09111.png,484,179,14,18
val,FLIR_09111.png,604,183,17,20
val,FLIR_09112.png,520,161,17,24
val,FLIR_09112.png,580,183,17,22
val,FLIR_09112.png,388,206,4,8
val,FLIR_09113.png,610,131,20,33
val,FLIR_09113.png,376,200,9,11
val,FLIR_09113.png,401,200,6,9
val,FLIR_09113.png,438,195,8,11
val,FLIR_09115.png,417,211,7,11
val,FLIR_09120.png,258,233,4,7
val,FLIR_09120.png,193,231,4,8
val,FLIR_09129.png,476,185,9,17
val,FLIR_09130.png,430,187,9,16
val,FLIR_09131.png,387,186,7,17
val,FLIR_09132.png,341,190,6,15
val,FLIR_09135.png,230,194,21,31
val,FLIR_09135.png,400,129,34,60
val,FLIR_09135.png,545,208,9,16
val,FLIR_09136.png,242,186,23,35
val,FLIR_09136.png,563,208,7,17
val,FLIR_09137.png,294,181,30,42
val,FLIR_09137.png,573,209,12,15
val,FLIR_09138.png,213,190,10,16
val,FLIR_09138.png,150,203,11,16
val,FLIR_09139.png,242,196,14,18
val,FLIR_09139.png,301,178,11,21
val,FLIR_09139.png,197,216,5,7
val,FLIR_09140.png,413,167,13,23
val,FLIR_09140.png,359,186,17,23
val,FLIR_09141.png,571,144,24,30
val,FLIR_09141.png,476,161,26,31
val,FLIR_09141.png,337,210,7,12
val,FLIR_09142.png,409,210,9,11
val,FLIR_09142.png,379,206,9,13
val,FLIR_09143.png,464,207,10,15
val,FLIR_09143.png,435,200,11,15
val,FLIR_09144.png,481,189,13,17
val,FLIR_09144.png,530,196,14,18
val,FLIR_09145.png,575,175,19,22
val,FLIR_09145.png,627,183,13,26
val,FLIR_09146.png,23,221,13,18
val,FLIR_09146.png,352,214,9,13
val,FLIR_09146.png,67,231,7,11
val,FLIR_09147.png,378,200,10,15
val,FLIR_09147.png,64,212,11,14
val,FLIR_09147.png,39,220,8,12
val,FLIR_09148.png,405,195,11,19
val,FLIR_09148.png,35,209,14,16
val,FLIR_09148.png,6,213,11,17
val,FLIR_09149.png,455,189,14,21
val,FLIR_09149.png,496,198,12,18
val,FLIR_09150.png,603,169,24,32
val,FLIR_09150.png,533,161,23,34
val,FLIR_09153.png,531,196,12,19
val,FLIR_09153.png,430,208,9,15
val,FLIR_09153.png,502,222,10,13
val,FLIR_09154.png,591,191,11,19
val,FLIR_09154.png,446,204,11,16
val,FLIR_09154.png,509,207,12,16
val,FLIR_09154.png,528,232,13,17
val,FLIR_09155.png,567,201,18,20
val,FLIR_09155.png,477,199,15,19
val,FLIR_09156.png,526,190,16,25
val,FLIR_09163.png,427,186,11,16
val,FLIR_09177.png,13,209,6,8
val,FLIR_09199.png,209,214,5,9
val,FLIR_09201.png,236,205,8,11
val,FLIR_09201.png,88,214,6,11
val,FLIR_09203.png,106,187,12,15
val,FLIR_09206.png,321,219,15,28
val,FLIR_09207.png,14,146,23,33
val,FLIR_09207.png,627,217,13,31
val,FLIR_09208.png,293,137,24,42
val,FLIR_09209.png,580,143,15,30
val,FLIR_09249.png,329,180,11,21
val,FLIR_09256.png,546,216,8,10
val,FLIR_09260.png,438,111,29,47
val,FLIR_09261.png,244,120,21,49
val,FLIR_09262.png,63,122,21,44
val,FLIR_09272.png,629,205,6,10
val,FLIR_09272.png,68,219,6,9
val,FLIR_09272.png,15,216,8,11
val,FLIR_09277.png,401,216,5,7
val,FLIR_09290.png,601,152,33,37
val,FLIR_09291.png,442,140,33,45
val,FLIR_09292.png,242,125,32,48
val,FLIR_09293.png,30,114,21,49
val,FLIR_09293.png,562,184,14,23
val,FLIR_09294.png,590,175,20,31
val,FLIR_09294.png,468,183,8,19
val,FLIR_09295.png,467,159,19,33
val,FLIR_09296.png,320,154,13,37
val,FLIR_09296.png,253,170,11,24
val,FLIR_09297.png,136,173,22,23
val,FLIR_09297.png,162,157,17,36
val,FLIR_09297.png,278,212,4,10
val,FLIR_09298.png,1,144,18,39
val,FLIR_09301.png,483,101,45,49
val,FLIR_09302.png,170,84,42,59
val,FLIR_09349.png,423,209,6,9
val,FLIR_09353.png,31,229,4,7
val,FLIR_09360.png,28,234,14,16
val,FLIR_09361.png,156,193,13,28
val,FLIR_09361.png,201,230,14,17
val,FLIR_09362.png,386,196,4,23
val,FLIR_09363.png,599,201,9,25
val,FLIR_09398.png,600,196,7,10
val,FLIR_09429.png,553,208,5,8
val,FLIR_09429.png,574,202,6,8
val,FLIR_09429.png,274,214,4,8
val,FLIR_09432.png,568,203,6,8
val,FLIR_09439.png,574,204,6,8
val,FLIR_09439.png,538,209,6,8
val,FLIR_09448.png,555,213,7,9
val,FLIR_09448.png,608,207,8,14
val,FLIR_09449.png,530,213,7,11
val,FLIR_09486.png,311,147,23,39
val,FLIR_09486.png,473,91,42,52
val,FLIR_09488.png,292,154,19,28
val,FLIR_09489.png,546,163,11,25
val,FLIR_09491.png,10,120,29,44
val,FLIR_09492.png,283,102,30,50
val,FLIR_09501.png,520,191,8,12
val,FLIR_09512.png,1,32,49,66
val,FLIR_09512.png,455,131,22,45
val,FLIR_09516.png,274,209,6,9
val,FLIR_09581.png,455,200,7,14
val,FLIR_09581.png,479,199,10,14
val,FLIR_09581.png,427,201,9,14
val,FLIR_09582.png,450,192,12,16
val,FLIR_09582.png,467,189,11,18
val,FLIR_09582.png,533,186,12,18
val,FLIR_09583.png,459,182,14,22
val,FLIR_09583.png,489,180,14,21
val,FLIR_09583.png,631,160,9,24
val,FLIR_09584.png,466,180,15,26
val,FLIR_09584.png,544,179,15,23
val,FLIR_09584.png,508,183,11,28
val,FLIR_09585.png,470,182,10,20
val,FLIR_09585.png,354,169,10,26
val,FLIR_09585.png,351,190,10,22
val,FLIR_09586.png,305,174,10,29
val,FLIR_09586.png,160,191,11,25
val,FLIR_09589.png,318,187,12,15
val,FLIR_09590.png,624,191,7,17
val,FLIR_09591.png,82,187,18,30
val,FLIR_09592.png,344,163,13,33
val,FLIR_09596.png,428,201,4,8
val,FLIR_09596.png,4,214,3,8
val,FLIR_09602.png,426,201,5,9
val,FLIR_09604.png,434,198,6,7
val,FLIR_09605.png,450,193,6,9
val,FLIR_09606.png,467,190,9,10
val,FLIR_09607.png,489,186,8,13
val,FLIR_09608.png,504,170,11,16
val,FLIR_09609.png,557,162,13,17
val,FLIR_09616.png,420,197,5,10
val,FLIR_09616.png,577,182,5,12
val,FLIR_09650.png,556,189,7,11
val,FLIR_09699.png,276,196,7,16
val,FLIR_09700.png,262,196,10,12
val,FLIR_09700.png,89,189,9,16
val,FLIR_09700.png,118,186,14,18
val,FLIR_09701.png,261,192,11,19
val,FLIR_09702.png,296,189,14,20
val,FLIR_09703.png,349,182,14,22
val,FLIR_09704.png,441,185,12,23
val,FLIR_09705.png,154,181,14,18
val,FLIR_09705.png,551,171,14,29
val,FLIR_09706.png,264,176,10,23
val,FLIR_09710.png,376,207,5,12
val,FLIR_09710.png,34,217,9,15
val,FLIR_09710.png,86,221,10,13
val,FLIR_09710.png,281,200,9,12
val,FLIR_09710.png,304,218,6,10
val,FLIR_09711.png,476,209,7,15
val,FLIR_09711.png,374,202,8,14
val,FLIR_09711.png,151,225,8,15
val,FLIR_09711.png,88,219,8,17
val,FLIR_09711.png,1,222,10,17
val,FLIR_09712.png,176,236,12,21
val,FLIR_09712.png,76,240,6,20
val,FLIR_09712.png,251,240,12,20
val,FLIR_09713.png,367,241,18,28
val,FLIR_09713.png,459,248,17,20
val,FLIR_09713.png,173,248,19,20
val,FLIR_09713.png,247,247,15,27
val,FLIR_09714.png,152,174,16,27
val,FLIR_09714.png,604,263,20,33
val,FLIR_09715.png,506,138,18,45
val,FLIR_09718.png,91,194,11,18
val,FLIR_09718.png,126,231,10,14
val,FLIR_09719.png,152,191,13,17
val,FLIR_09719.png,196,182,10,15
val,FLIR_09720.png,248,186,15,26
val,FLIR_09721.png,454,223,17,20
val,FLIR_09721.png,340,192,17,18
val,FLIR_09721.png,446,178,10,16
val,FLIR_09721.png,325,169,14,21
val,FLIR_09721.png,362,235,15,14
val,FLIR_09722.png,398,180,21,24
val,FLIR_09722.png,371,160,18,23
val,FLIR_09722.png,497,173,12,17
val,FLIR_09723.png,509,160,29,34
val,FLIR_09723.png,439,146,22,30
val,FLIR_09723.png,561,170,12,18
val,FLIR_09724.png,569,136,27,36
val,FLIR_09724.png,267,204,5,8
val,FLIR_09724.png,612,153,14,15
val,FLIR_09724.png,628,169,12,23
val,FLIR_09725.png,529,189,10,13
val,FLIR_09725.png,588,219,11,20
val,FLIR_09726.png,307,210,8,8
val,FLIR_09726.png,394,239,6,8
val,FLIR_09726.png,485,236,7,11
val,FLIR_09727.png,318,208,9,10
val,FLIR_09727.png,431,232,8,9
val,FLIR_09727.png,415,239,7,8
val,FLIR_09727.png,550,190,8,11
val,FLIR_09727.png,521,235,7,13
val,FLIR_09727.png,551,233,10,11
val,FLIR_09727.png,628,198,7,11
val,FLIR_09728.png,458,226,9,12
val,FLIR_09728.png,517,224,8,12
val,FLIR_09728.png,573,185,10,14
val,FLIR_09729.png,368,191,13,18
val,FLIR_09729.png,550,219,10,13
val,FLIR_09729.png,466,232,7,14
val,FLIR_09729.png,624,225,9,21
val,FLIR_09730.png,419,176,12,20
val,FLIR_09730.png,533,216,9,15
val,FLIR_09730.png,596,216,11,16
val,FLIR_09730.png,508,229,7,17
val,FLIR_09731.png,518,158,16,26
val,FLIR_09731.png,582,213,16,19
val,FLIR_09731.png,375,205,6,9
val,FLIR_09732.png,622,230,10,26
val,FLIR_09732.png,467,225,7,12
val,FLIR_09732.png,387,206,6,10
val,FLIR_09733.png,487,225,8,11
val,FLIR_09733.png,394,204,6,10
val,FLIR_09734.png,509,228,11,11
val,FLIR_09734.png,541,226,9,13
val,FLIR_09734.png,410,203,8,11
val,FLIR_09735.png,543,225,10,15
val,FLIR_09735.png,575,223,10,17
val,FLIR_09736.png,625,224,8,15
val,FLIR_09736.png,582,225,15,15
val,FLIR_09737.png,436,196,8,10
val,FLIR_09738.png,585,218,9,14
val,FLIR_09738.png,423,196,6,9
val,FLIR_09738.png,501,228,7,10
val,FLIR_09739.png,393,189,5,13
val,FLIR_09815.png,453,213,5,10
val,FLIR_09821.png,367,207,7,9
val,FLIR_09822.png,444,199,9,11
val,FLIR_09823.png,531,188,12,14
val,FLIR_09833.png,625,227,7,12
val,FLIR_09834.png,439,212,10,15
val,FLIR_09835.png,215,197,17,18
val,FLIR_09835.png,289,211,11,16
val,FLIR_09836.png,10,201,15,22
val,FLIR_09850.png,28,215,8,8
val,FLIR_09850.png,456,201,10,13
val,FLIR_09851.png,611,185,9,18
val,FLIR_09855.png,289,199,12,16
val,FLIR_09941.png,509,210,6,9
val,FLIR_09941.png,476,213,6,10
val,FLIR_09942.png,488,212,8,9
val,FLIR_09942.png,508,208,7,10
val,FLIR_09943.png,607,195,9,13
val,FLIR_09943.png,561,199,9,14
val,FLIR_09947.png,528,209,6,8
val,FLIR_09949.png,551,210,7,11
val,FLIR_09950.png,574,207,9,11
val,FLIR_10018.png,428,215,11,9
val,FLIR_10018.png,33,228,4,7
val,FLIR_10019.png,509,196,13,15
val,FLIR_10049.png,25,179,21,30
val,FLIR_10050.png,109,168,21,38
val,FLIR_10050.png,11,187,19,34
val,FLIR_10051.png,265,159,20,40
val,FLIR_10051.png,34,175,20,31
val,FLIR_10052.png,495,149,18,42
val,FLIR_10052.png,34,180,24,33
val,FLIR_10052.png,114,153,22,40
val,FLIR_10053.png,275,139,20,49
val,FLIR_10053.png,78,160,30,40
val,FLIR_10054.png,487,142,21,48
val,FLIR_10054.png,246,141,27,49
val,FLIR_10055.png,533,149,24,51
val,FLIR_10063.png,96,225,8,10
val,FLIR_10071.png,519,211,5,10
val,FLIR_10083.png,237,202,4,8
val,FLIR_10092.png,599,178,17,26
val,FLIR_10093.png,504,177,17,25
val,FLIR_10094.png,396,171,12,27
val,FLIR_10095.png,289,167,14,27
val,FLIR_10160.png,629,208,7,10
val,FLIR_10211.png,200,144,27,51
val,FLIR_10212.png,358,170,17,38
val,FLIR_10212.png,455,150,16,49
val,FLIR_10213.png,544,196,20,27
val,FLIR_10227.png,2,217,6,7
video,FLIR_video_00002.png,562,206,7,7
video,FLIR_video_00002.png,586,202,6,10
video,FLIR_video_00003.png,597,201,5,11
video,FLIR_video_01475.png,556,197,5,10
video,FLIR_video_01475.png,582,198,5,8
video,FLIR_video_01476.png,568,198,5,8
video,FLIR_video_01476.png,595,198,5,8
video,FLIR_video_01797.png,508,196,7,12
video,FLIR_video_01801.png,536,200,10,11
video,FLIR_video_01803.png,582,186,10,16
video,FLIR_video_01803.png,564,196,11,12
video,FLIR_video_01804.png,598,184,10,16
video,FLIR_video_01804.png,579,194,10,12
video,FLIR_video_01806.png,629,179,11,17
video,FLIR_video_01806.png,605,187,15,14
video,FLIR_video_01876.png,608,212,11,15
video,FLIR_video_02106.png,528,199,8,7
video,FLIR_video_02106.png,555,202,8,5
video,FLIR_video_02112.png,526,200,6,8
video,FLIR_video_02253.png,578,204,6,9
video,FLIR_video_02266.png,568,202,5,9
video,FLIR_video_02388.png,545,208,5,8
video,FLIR_video_02388.png,573,202,6,8
video,FLIR_video_02425.png,573,202,7,9
video,FLIR_video_02495.png,532,213,5,8
video,FLIR_video_02504.png,605,205,7,10
video,FLIR_video_02504.png,553,216,6,7
video,FLIR_video_02504.png,576,219,4,7
video,FLIR_video_02504.png,472,223,4,4
video,FLIR_video_02505.png,556,213,6,10
video,FLIR_video_02505.png,609,206,7,11
video,FLIR_video_02506.png,614,204,9,13
video,FLIR_video_02506.png,557,211,9,10
video,FLIR_video_02506.png,578,217,8,10
video,FLIR_video_02506.png,599,211,8,9
video,FLIR_video_02506.png,474,219,7,10
video,FLIR_video_02507.png,563,209,7,10
video,FLIR_video_02507.png,605,209,6,9
video,FLIR_video_02509.png,610,207,8,9
video,FLIR_video_02510.png,578,208,6,10
video,FLIR_video_02510.png,615,207,6,10
video,FLIR_video_02511.png,621,208,8,11
video,FLIR_video_02511.png,584,208,9,11
video,FLIR_video_02513.png,595,206,8,11
video,FLIR_video_02513.png,631,207,8,10
video,FLIR_video_02513.png,498,218,7,11
video,FLIR_video_02514.png,600,206,7,11
video,FLIR_video_02514.png,636,207,4,12
video,FLIR_video_02514.png,538,220,6,10
video,FLIR_video_02514.png,504,219,4,9
video,FLIR_video_02515.png,608,204,8,10
video,FLIR_video_02515.png,508,215,6,11
video,FLIR_video_02517.png,620,202,9,13
video,FLIR_video_02517.png,516,213,6,11
video,FLIR_video_02518.png,631,201,8,11
video,FLIR_video_02518.png,522,212,6,12
video,FLIR_video_02519.png,527,214,5,10
video,FLIR_video_02519.png,563,218,5,8
video,FLIR_video_02520.png,530,212,6,12
video,FLIR_video_02522.png,544,210,7,13
video,FLIR_video_02522.png,582,213,8,11
video,FLIR_video_02522.png,522,213,6,10
video,FLIR_video_02523.png,549,208,7,12
video,FLIR_video_02523.png,590,213,8,11
video,FLIR_video_02523.png,525,213,6,9
video,FLIR_video_02524.png,556,206,8,14
video,FLIR_video_02525.png,565,208,7,13
video,FLIR_video_02526.png,576,208,9,14
video,FLIR_video_02526.png,540,213,6,9
video,FLIR_video_02527.png,588,208,7,13
video,FLIR_video_02528.png,598,207,7,13
video,FLIR_video_02528.png,550,211,5,10
video,FLIR_video_02529.png,614,206,9,15
video,FLIR_video_02529.png,559,212,6,12
video,FLIR_video_02530.png,626,206,8,13
video,FLIR_video_02531.png,574,213,6,11
video,FLIR_video_02531.png,599,211,7,11
video,FLIR_video_02536.png,629,203,7,12
video,FLIR_video_02588.png,557,195,8,13
video,FLIR_video_02622.png,608,190,7,13
video,FLIR_video_02622.png,628,195,8,13
video,FLIR_video_02678.png,458,205,4,8
video,FLIR_video_02686.png,542,192,3,10
video,FLIR_video_02690.png,603,174,9,15
video,FLIR_video_02792.png,595,206,8,11
video,FLIR_video_02793.png,601,203,7,12
video,FLIR_video_02794.png,606,208,7,7
video,FLIR_video_02795.png,609,200,9,11
video,FLIR_video_02796.png,615,199,8,12
video,FLIR_video_02797.png,620,201,8,11
video,FLIR_video_02798.png,624,202,10,13
video,FLIR_video_03215.png,186,199,6,11
video,FLIR_video_03215.png,139,201,5,11
video,FLIR_video_03215.png,63,209,4,8
video,FLIR_video_03217.png,140,199,8,12
video,FLIR_video_03217.png,190,194,9,13
video,FLIR_video_03217.png,45,209,6,8
video,FLIR_video_03218.png,195,193,7,13
video,FLIR_video_03218.png,144,199,7,13
video,FLIR_video_03218.png,178,205,5,10
video,FLIR_video_03218.png,36,208,6,10
video,FLIR_video_03219.png,146,200,6,13
video,FLIR_video_03219.png,201,192,6,13
video,FLIR_video_03219.png,171,205,5,8
video,FLIR_video_03219.png,20,209,5,7
video,FLIR_video_03220.png,150,199,6,13
video,FLIR_video_03220.png,205,193,7,13
video,FLIR_video_03220.png,166,206,4,8
video,FLIR_video_03221.png,208,194,7,13
video,FLIR_video_03221.png,152,199,6,11
video,FLIR_video_03222.png,211,193,9,13
video,FLIR_video_03222.png,149,194,10,12
video,FLIR_video_03223.png,217,192,8,13
video,FLIR_video_03223.png,153,193,8,13
video,FLIR_video_03225.png,229,188,9,13
video,FLIR_video_03225.png,160,195,8,14
video,FLIR_video_03226.png,235,187,7,14
video,FLIR_video_03226.png,163,197,8,14
video,FLIR_video_03226.png,122,205,5,9
video,FLIR_video_03227.png,242,189,10,13
video,FLIR_video_03227.png,167,194,10,13
video,FLIR_video_03227.png,109,205,8,11
video,FLIR_video_03228.png,171,191,11,16
video,FLIR_video_03228.png,248,189,12,15
video,FLIR_video_03229.png,256,188,10,17
video,FLIR_video_03229.png,177,187,10,18
video,FLIR_video_03230.png,264,187,10,16
video,FLIR_video_03230.png,183,188,10,14
video,FLIR_video_03231.png,278,184,8,15
video,FLIR_video_03231.png,196,190,8,15
video,FLIR_video_03231.png,71,206,5,10
video,FLIR_video_03232.png,283,177,12,18
video,FLIR_video_03232.png,206,188,9,19
video,FLIR_video_03233.png,292,177,12,17
video,FLIR_video_03233.png,212,190,11,17
video,FLIR_video_03234.png,221,184,12,22
video,FLIR_video_03234.png,300,172,14,20
video,FLIR_video_03234.png,45,200,6,12
video,FLIR_video_03235.png,313,174,14,19
video,FLIR_video_03235.png,233,178,11,22
video,FLIR_video_03235.png,36,198,6,12
video,FLIR_video_03236.png,338,177,14,20
video,FLIR_video_03236.png,253,176,10,19
video,FLIR_video_03237.png,266,168,11,27
video,FLIR_video_03237.png,358,172,11,27
video,FLIR_video_03238.png,281,171,11,24
video,FLIR_video_03239.png,296,173,13,24
video,FLIR_video_03239.png,396,171,11,20
video,FLIR_video_03240.png,322,174,14,25
video,FLIR_video_03240.png,418,159,13,23
video,FLIR_video_03241.png,432,150,17,24
video,FLIR_video_03241.png,344,167,11,27
video,FLIR_video_03243.png,474,149,17,27
video,FLIR_video_03243.png,385,158,6,25
video,FLIR_video_03244.png,499,150,19,30
video,FLIR_video_03244.png,406,152,5,23
video,FLIR_video_03249.png,583,145,6,31
video,FLIR_video_03275.png,122,190,6,13
video,FLIR_video_03276.png,143,188,7,14
video,FLIR_video_03278.png,172,190,7,13
video,FLIR_video_03279.png,184,186,8,15
video,FLIR_video_03280.png,199,188,9,14
video,FLIR_video_03281.png,220,185,9,15
video,FLIR_video_03282.png,233,186,11,15
video,FLIR_video_03283.png,250,184,9,16
video,FLIR_video_03284.png,265,186,9,14
video,FLIR_video_03286.png,303,185,7,15
video,FLIR_video_03288.png,331,186,10,14
video,FLIR_video_03289.png,357,184,9,16
video,FLIR_video_03290.png,370,188,11,13
video,FLIR_video_03291.png,386,186,10,14
video,FLIR_video_03292.png,403,185,10,15
video,FLIR_video_03293.png,428,186,6,14
video,FLIR_video_03295.png,461,189,9,13
video,FLIR_video_03296.png,486,188,12,18
video,FLIR_video_03297.png,502,193,10,13
video,FLIR_video_03299.png,537,194,12,17
video,FLIR_video_03300.png,560,194,14,17
video,FLIR_video_03301.png,576,194,14,17
video,FLIR_video_03302.png,591,194,15,19
video,FLIR_video_03303.png,608,195,13,18
video,FLIR_video_03304.png,620,193,16,23
video,FLIR_video_03330.png,8,159,23,35
video,FLIR_video_03331.png,36,162,27,36
video,FLIR_video_03332.png,64,164,22,37
video,FLIR_video_03333.png,85,158,26,41
video,FLIR_video_03334.png,105,161,26,38
video,FLIR_video_03335.png,136,155,26,37
video,FLIR_video_03336.png,154,149,27,42
video,FLIR_video_03337.png,175,155,23,37
video,FLIR_video_03338.png,612,111,28,38
video,FLIR_video_03338.png,205,156,26,41
video,FLIR_video_03339.png,229,159,26,39
video,FLIR_video_03339.png,586,98,41,63
video,FLIR_video_03340.png,557,104,43,53
video,FLIR_video_03340.png,253,156,24,39
video,FLIR_video_03341.png,275,151,23,41
video,FLIR_video_03341.png,527,99,36,56
video,FLIR_video_03342.png,474,93,41,60
video,FLIR_video_03342.png,312,151,23,35
video,FLIR_video_03343.png,435,89,40,65
video,FLIR_video_03343.png,336,151,19,36
video,FLIR_video_03344.png,394,88,37,66
video,FLIR_video_03344.png,358,149,22,42
video,FLIR_video_03345.png,354,96,38,58
video,FLIR_video_03346.png,315,89,34,53
video,FLIR_video_03347.png,259,98,28,47
video,FLIR_video_03348.png,465,155,16,36
video,FLIR_video_03348.png,224,101,23,48
video,FLIR_video_03349.png,489,152,15,37
video,FLIR_video_03350.png,519,152,20,38
video,FLIR_video_03351.png,542,153,18,41
video,FLIR_video_03352.png,566,156,20,42
video,FLIR_video_03353.png,591,160,22,40
video,FLIR_video_03354.png,619,157,21,42
video,FLIR_video_03364.png,164,161,8,34
video,FLIR_video_03365.png,177,169,7,26
video,FLIR_video_03366.png,185,165,16,31
video,FLIR_video_03367.png,210,161,14,28
video,FLIR_video_03368.png,225,162,15,29
video,FLIR_video_03369.png,237,160,19,31
video,FLIR_video_03370.png,253,161,19,29
video,FLIR_video_03371.png,277,155,18,28
video,FLIR_video_03372.png,295,158,16,26
video,FLIR_video_03373.png,306,151,21,31
video,FLIR_video_03374.png,324,152,17,30
video,FLIR_video_03375.png,347,149,19,31
video,FLIR_video_03376.png,364,148,18,36
video,FLIR_video_03377.png,379,155,19,22
video,FLIR_video_03378.png,399,150,17,29
video,FLIR_video_03379.png,413,151,19,29
video,FLIR_video_03380.png,441,153,16,28
video,FLIR_video_03381.png,454,157,19,23
video,FLIR_video_03382.png,471,152,16,36
video,FLIR_video_03383.png,487,152,14,34
video,FLIR_video_03384.png,509,157,12,26
video,FLIR_video_03385.png,519,164,14,20
video,FLIR_video_03386.png,535,157,12,29
video,FLIR_video_03387.png,545,161,13,24
video,FLIR_video_03388.png,560,164,10,22
video,FLIR_video_03389.png,568,165,11,26
video,FLIR_video_03390.png,577,158,11,33
video,FLIR_video_03391.png,584,160,13,27
video,FLIR_video_03392.png,595,169,11,19
video,FLIR_video_03393.png,603,170,12,20
video,FLIR_video_03417.png,11,116,29,45
video,FLIR_video_03418.png,21,114,35,50
video,FLIR_video_03419.png,38,116,33,46
video,FLIR_video_03420.png,55,114,31,45
video,FLIR_video_03421.png,77,104,32,52
video,FLIR_video_03422.png,93,109,33,47
video,FLIR_video_03423.png,106,102,35,52
video,FLIR_video_03424.png,131,111,32,45
video,FLIR_video_03425.png,146,108,33,50
video,FLIR_video_03426.png,167,114,29,45
video,FLIR_video_03427.png,182,115,32,46
video,FLIR_video_03428.png,205,108,35,50
video,FLIR_video_03429.png,229,109,28,48
video,FLIR_video_03430.png,244,104,30,50
video,FLIR_video_03431.png,270,101,28,50
video,FLIR_video_03432.png,281,103,30,47
video,FLIR_video_03433.png,298,106,30,45
video,FLIR_video_03434.png,316,107,29,45
video,FLIR_video_03435.png,341,100,33,56
video,FLIR_video_03436.png,358,102,35,52
video,FLIR_video_03437.png,386,106,24,43
video,FLIR_video_03438.png,398,98,31,48
video,FLIR_video_03439.png,424,95,34,50
video,FLIR_video_03440.png,450,96,27,50
video,FLIR_video_03441.png,469,99,27,49
video,FLIR_video_03442.png,499,97,28,51
video,FLIR_video_03443.png,521,108,28,44
video,FLIR_video_03444.png,547,111,25,42
video,FLIR_video_03445.png,568,87,28,65
video,FLIR_video_03446.png,603,91,28,50
video,FLIR_video_03620.png,579,196,7,11
video,FLIR_video_03620.png,557,197,5,8
video,FLIR_video_03620.png,608,197,6,8
video,FLIR_video_03626.png,475,199,6,10
video,FLIR_video_03630.png,504,196,7,9
video,FLIR_video_03631.png,512,194,8,10
video,FLIR_video_03632.png,520,191,8,12
video,FLIR_video_03633.png,534,188,8,13
video,FLIR_video_03635.png,553,185,10,12
video,FLIR_video_03636.png,570,181,10,14
video,FLIR_video_03637.png,581,179,12,14
video,FLIR_video_03638.png,594,177,12,15
video,FLIR_video_03639.png,608,172,12,18
video,FLIR_video_03683.png,420,200,7,11
video,FLIR_video_03686.png,437,195,10,14
video,FLIR_video_03689.png,459,187,10,16
video,FLIR_video_03692.png,486,184,12,16
video,FLIR_video_03693.png,497,184,11,14
video,FLIR_video_03694.png,507,179,13,17
video,FLIR_video_03697.png,556,163,14,20
video,FLIR_video_03698.png,572,156,16,22
video,FLIR_video_03699.png,595,155,14,16
video,FLIR_video_03735.png,602,185,7,13
video,FLIR_video_03735.png,473,188,5,13
video,FLIR_video_03736.png,614,183,10,13
video,FLIR_video_03736.png,476,187,7,12
video,FLIR_video_03737.png,484,185,7,10
video,FLIR_video_03737.png,602,186,8,10
video,FLIR_video_03737.png,627,180,12,14
video,FLIR_video_03738.png,489,182,10,13
video,FLIR_video_03740.png,556,181,10,16
video,FLIR_video_03742.png,577,176,10,18
video,FLIR_video_03744.png,610,170,12,17
video,FLIR_video_03757.png,538,196,4,10
video,FLIR_video_03757.png,513,200,6,10
video,FLIR_video_03759.png,555,196,6,10
video,FLIR_video_03794.png,625,191,11,10
video,FLIR_video_03883.png,0,137,20,42
video,FLIR_video_03884.png,28,129,30,48
video,FLIR_video_03885.png,53,123,28,48
video,FLIR_video_03886.png,82,117,25,49
video,FLIR_video_03887.png,108,118,23,48
video,FLIR_video_03888.png,147,129,22,45
video,FLIR_video_03889.png,175,130,24,49
video,FLIR_video_03890.png,197,129,30,50
video,FLIR_video_03891.png,229,132,26,46
video,FLIR_video_03892.png,270,124,23,48
video,FLIR_video_03893.png,297,123,23,46
video,FLIR_video_03894.png,322,126,24,45
video,FLIR_video_03895.png,366,135,26,44
video,FLIR_video_03896.png,396,127,25,54
video,FLIR_video_03897.png,426,130,25,51
video,FLIR_video_03897.png,0,28,18,66
video,FLIR_video_03898.png,453,126,25,49
video,FLIR_video_03898.png,0,22,50,75
video,FLIR_video_03899.png,31,28,58,78
video,FLIR_video_03899.png,486,121,19,50
video,FLIR_video_03900.png,93,42,52,71
video,FLIR_video_03900.png,527,125,20,47
video,FLIR_video_03901.png,136,40,53,71
video,FLIR_video_03901.png,551,128,25,49
video,FLIR_video_03902.png,201,28,47,74
video,FLIR_video_03902.png,600,140,18,48
video,FLIR_video_03903.png,237,18,46,76
video,FLIR_video_03904.png,272,15,47,74
video,FLIR_video_03905.png,310,17,45,72
video,FLIR_video_03906.png,369,18,44,76
video,FLIR_video_03907.png,417,31,37,77
video,FLIR_video_03908.png,463,38,35,75
video,FLIR_video_03909.png,511,36,34,78
video,FLIR_video_03910.png,580,34,29,72
video,FLIR_video_03911.png,618,14,22,83
video,FLIR_video_03991.png,330,208,6,9
video,FLIR_video_03994.png,316,211,7,8
video,FLIR_video_03998.png,300,208,6,10
video,FLIR_video_03998.png,314,209,6,9
video,FLIR_video_04000.png,282,208,7,10
video,FLIR_video_04001.png,274,209,6,9
video,FLIR_video_04008.png,172,208,7,10
video,FLIR_video_04008.png,194,212,8,10
video,FLIR_video_04010.png,126,213,7,11
